ward,target
21001001: Ward 1,20.148271011469998
21001002: Ward 2,13.040693215430002
21001003: Ward 3,21.72596699369
21001004: Ward 4,17.41648992218
21001005: Ward 5,19.940729740650003
21001006: Ward 6,23.82055756419
21001007: Ward 7,11.53616264089
21002001: Ward 1,16.78661342041
21002002: Ward 2,17.015518773989996
21002003: Ward 3,21.51975925106
21002004: Ward 4,23.42209833351
21002005: Ward 5,19.80826300796
21002006: Ward 6,15.05437675512
21004001: Ward 1,11.815266613640002
21004002: Ward 2,26.841029336710005
21004003: Ward 3,16.341590738439997
21004004: Ward 4,12.041254315269999
21004005: Ward 5,24.72419972244
21004006: Ward 6,22.672625771640003
21004007: Ward 7,25.273606262259996
21004008: Ward 8,16.7637119131
21004009: Ward 9,24.742534573569994
21004010: Ward 10,26.479853028999997
21004011: Ward 11,28.02651615702
21004012: Ward 12,11.791271310119999
21004013: Ward 13,19.56686239593
21004014: Ward 14,17.007571235030003
21005001: Ward 1,30.845120991159995
21005002: Ward 2,16.11364651863
21005003: Ward 3,15.910315562840003
21005004: Ward 4,16.3965386748
21005005: Ward 5,15.843583453690002
21005006: Ward 6,14.377972697310003
21005007: Ward 7,26.36504697738
21005008: Ward 8,22.27514519454
21005009: Ward 9,19.71487844635
21005010: Ward 10,7.73021015306
21006001: Ward 1,18.499716958889998
21006002: Ward 2,17.326836549280003
21006003: Ward 3,17.70454073429
21006004: Ward 4,21.7602781858
21006005: Ward 5,20.696126981419997
21006006: Ward 6,14.92596414304
21006007: Ward 7,11.87021402345
21006008: Ward 8,21.82803346843
21008001: Ward 1,12.00790756089
21008002: Ward 2,15.95186501213
21008003: Ward 3,7.51038242928
21008004: Ward 4,17.85276838336
21008005: Ward 5,18.931837525120002
21008006: Ward 6,24.583235913670002
21008007: Ward 7,14.76545375964
21008008: Ward 8,9.38060867484
21008009: Ward 9,19.0580110711
21008010: Ward 10,18.657859592239998
21008011: Ward 11,9.30483451669
21008012: Ward 12,11.40538870939
21008013: Ward 13,13.867083035460002
21008014: Ward 14,11.435836118600001
21008015: Ward 15,12.56931147268
21009001: Ward 1,16.27091684007
21009002: Ward 2,12.760752517869998
21009003: Ward 3,17.238485381270003
21009004: Ward 4,15.432923956500002
21009005: Ward 5,18.36784080479
21009006: Ward 6,15.135265632080003
21201001: Ward 1,22.27074214407
21201002: Ward 2,37.24575994021
21201003: Ward 3,37.56000841523
21201004: Ward 4,41.40858845575001
21201005: Ward 5,39.005878427
21201006: Ward 6,38.18260202591
21201007: Ward 7,41.121637128820005
21201008: Ward 8,40.24479980964
21201009: Ward 9,36.251470663650004
21201010: Ward 10,38.107957962140006
21201011: Ward 11,41.80195113225
21201012: Ward 12,40.411456908110004
21201013: Ward 13,31.892339931910005
21201014: Ward 14,44.98014850072
21201015: Ward 15,47.171453863109996
21201016: Ward 16,46.612947565169996
21201017: Ward 17,42.25923422222
21201018: Ward 18,46.24301244368
21201019: Ward 19,44.2627953639
21201020: Ward 20,45.32702966688
21201021: Ward 21,37.50065221517
21201022: Ward 22,40.25252121183
21201023: Ward 23,39.940149040710004
21201024: Ward 24,35.70860224802001
21201025: Ward 25,27.10464626141
21201026: Ward 26,47.07295917448
21201027: Ward 27,34.687785828840006
21201028: Ward 28,41.39622367962
21201029: Ward 29,34.483246285945
21201030: Ward 30,35.714188858360004
21201031: Ward 31,40.54460580288999
21202001: Ward 1,20.22439386131
21202002: Ward 2,29.130975087659998
21202003: Ward 3,30.17328950128
21202004: Ward 4,26.34746951754
21202005: Ward 5,30.1599915539
21202006: Ward 6,29.603202460399995
21202007: Ward 7,36.404704464139996
21202008: Ward 8,38.499538547739995
21202009: Ward 9,35.38719245878
21202010: Ward 10,38.28507453201
21202011: Ward 11,35.342429028240005
21202012: Ward 12,36.16851307659
21202013: Ward 13,36.1565614118
21202014: Ward 14,35.85495354021
21202015: Ward 15,37.442427000719995
21202016: Ward 16,33.348179112180006
21202017: Ward 17,35.559313199740004
21202018: Ward 18,29.28153387807
21202019: Ward 19,35.78263750455999
21202020: Ward 20,35.60301997603
21202021: Ward 21,35.88586841028
21202022: Ward 22,39.56901892553999
21202023: Ward 23,38.458292923840006
21202024: Ward 24,39.724155508399996
21202025: Ward 25,41.23541441691
21202026: Ward 26,40.18666803557
21202027: Ward 27,37.22887085582
21202028: Ward 28,36.112135296495005
21202029: Ward 29,37.961497425699996
21202030: Ward 30,31.422979969030003
21202031: Ward 31,38.74527903075999
21203001: Ward 1,21.15910994785
21203002: Ward 2,29.70404404225
21203003: Ward 3,31.32773842836
21203004: Ward 4,30.804083150169998
21203005: Ward 5,26.323603300059993
21203006: Ward 6,16.78717325639
21203007: Ward 7,23.348662311330003
21204001: Ward 1,31.391310543410004
21204002: Ward 2,25.7384329199
21204003: Ward 3,31.711024278769997
21204004: Ward 4,22.300279002459995
21204005: Ward 5,27.539994106359995
21204006: Ward 6,23.90811201239
21204007: Ward 7,33.54167016126
21204008: Ward 8,32.11497863212001
21204009: Ward 9,26.49427918692
21204010: Ward 10,29.842949005660007
21204011: Ward 11,30.992808378
21204012: Ward 12,37.00629074995
21204013: Ward 13,31.41150280078
21204014: Ward 14,26.895982216740002
21204015: Ward 15,31.62160854228
21206001: Ward 1,30.24595950783
21206002: Ward 2,28.612050555260005
21206003: Ward 3,30.95420425754
21206004: Ward 4,31.567156206099998
21206005: Ward 5,31.100918942190003
21206006: Ward 6,27.922377600590004
21206007: Ward 7,25.57324425494
21206008: Ward 8,32.46542052679
21206009: Ward 9,28.25859546941
21206010: Ward 10,20.99770930233
21206011: Ward 11,27.67344488042
21206012: Ward 12,26.867284611690003
21301001: Ward 1,25.097284206909997
21301002: Ward 2,24.04600888629
21301003: Ward 3,23.71469947237
21301004: Ward 4,22.301681530839996
21301005: Ward 5,7.40515144784
21301006: Ward 6,18.63276119171
21301007: Ward 7,24.10187456823
21301008: Ward 8,18.350430109
21301009: Ward 9,19.508645530789995
21305001: Ward 1,33.833111777085
21305002: Ward 2,29.544482657959996
21305003: Ward 3,34.13783869127
21305004: Ward 4,30.291328180772503
21305005: Ward 5,37.43931457553
21305006: Ward 6,35.97401650962
21305007: Ward 7,36.97821091957
21305008: Ward 8,30.98833213368
21305009: Ward 9,38.529672207074995
21305010: Ward 10,35.75645786025001
21305011: Ward 11,47.36806194753
21305012: Ward 12,39.261427170530006
21305013: Ward 13,34.513257753910004
21305014: Ward 14,24.22495124002
21305015: Ward 15,30.11768344595
21305016: Ward 16,38.606968181670005
21305017: Ward 17,35.19906965218
21305018: Ward 18,35.95715795037
21305019: Ward 19,36.667449264620004
21305020: Ward 20,39.00766972638
21305021: Ward 21,42.64295809854
21306001: Ward 1,34.25181090846
21306002: Ward 2,35.45751040179
21306003: Ward 3,33.56666445268
21306004: Ward 4,29.70279844246
21306005: Ward 5,32.53210723591501
21306006: Ward 6,33.77557593754001
21306007: Ward 7,36.43702708161
21306008: Ward 8,34.26921450886
21306009: Ward 9,35.69225798557001
21306010: Ward 10,38.441355912940004
21306011: Ward 11,30.828130184539997
21306012: Ward 12,31.975091465895
21306013: Ward 13,33.88103710399
21306014: Ward 14,25.17067026349
21306015: Ward 15,31.8191543175
21306016: Ward 16,28.405200872480002
21306017: Ward 17,36.495941424310004
21307001: Ward 1,45.68246845328
21307002: Ward 2,41.269917585440005
21307003: Ward 3,38.66925272143
21307004: Ward 4,41.33521773471999
21307005: Ward 5,38.096927277489996
21307006: Ward 6,40.799628721240005
21307007: Ward 7,38.27320602189
21307008: Ward 8,36.886872941300005
21307009: Ward 9,34.91474633451
21307010: Ward 10,28.994054414040004
21307011: Ward 11,29.720188965570003
21307012: Ward 12,42.301758987730004
21307013: Ward 13,40.97790692825
21307014: Ward 14,39.3932226877
21307015: Ward 15,36.66588772004
21307016: Ward 16,41.32835611104
21307017: Ward 17,39.820086449570006
21307018: Ward 18,34.93282682865
21307019: Ward 19,38.655465903730004
21307020: Ward 20,41.732730327780004
21308001: Ward 1,23.048473846719997
21308002: Ward 2,30.19501323958
21308003: Ward 3,36.23753513317
21308004: Ward 4,23.236625846459997
21308005: Ward 5,34.997108860640004
21308006: Ward 6,32.94614523009
21308007: Ward 7,37.030630944029994
21308008: Ward 8,31.902393518265008
21308009: Ward 9,37.11011579936
21401001: Ward 1,34.20441249873001
21401002: Ward 2,29.43641416681
21401003: Ward 3,23.637626332540002
21401004: Ward 4,27.204448451459996
21401005: Ward 5,30.91625698907
21401006: Ward 6,35.364263622850004
21401007: Ward 7,36.62028633358
21401008: Ward 8,45.3931052513
21401009: Ward 9,37.01994877242001
21401010: Ward 10,40.96442992263
21401011: Ward 11,32.92660690388001
21401012: Ward 12,36.610745058620004
21401013: Ward 13,46.44717959893
21401014: Ward 14,46.90757836811001
21401015: Ward 15,40.06646499584
21401016: Ward 16,35.5980368379
21401017: Ward 17,25.573379580670004
21402001: Ward 1,38.872267278239995
21402002: Ward 2,41.25923090987
21402003: Ward 3,38.9214054823
21402004: Ward 4,35.354352509760005
21402005: Ward 5,37.03522843503
21402006: Ward 6,38.527262233870005
21402007: Ward 7,39.62408107082
21402008: Ward 8,30.9154494665
21402009: Ward 9,35.37491838078
21402010: Ward 10,27.100056202010002
21402011: Ward 11,36.078732121179996
21402012: Ward 12,33.4752665945
21402013: Ward 13,42.22780957091
21402014: Ward 14,26.11091292997
21402015: Ward 15,25.6272408491
21402016: Ward 16,21.019702652390002
21402017: Ward 17,36.614999701754996
21503001: Ward 1,38.30868725935
21503002: Ward 2,45.55333928198
21503003: Ward 3,46.92431896414
21503004: Ward 4,42.12309128045
21503005: Ward 5,47.07967554494
21503006: Ward 6,32.108736538180004
21503007: Ward 7,38.4715764484
21503008: Ward 8,40.325410757520004
21503009: Ward 9,41.459587701480004
21503010: Ward 10,40.40524872222
21503011: Ward 11,40.40834490171
21503012: Ward 12,45.99028786173
21503013: Ward 13,40.0548502477
21503014: Ward 14,30.419405093279998
21503015: Ward 15,20.99285940925
21503016: Ward 16,39.699365084970005
21503017: Ward 17,37.7542527216
21503018: Ward 18,42.87229980376
21503019: Ward 19,33.25670025274
21503020: Ward 20,37.10678897327
21503021: Ward 21,36.42095626715
21503022: Ward 22,37.334727384210005
21503023: Ward 23,46.12266899691001
21503024: Ward 24,46.32630379703001
21503025: Ward 25,47.08971188101
21503026: Ward 26,44.05759744721
21503027: Ward 27,37.47347846403
21503028: Ward 28,44.70019591426
21503029: Ward 29,38.50605102406
21503030: Ward 30,42.8940876513
21503031: Ward 31,41.095933745630006
21504001: Ward 1,39.27593149488
21504002: Ward 2,39.03468585688999
21504003: Ward 3,39.09315397875
21504004: Ward 4,40.712967426030005
21504005: Ward 5,31.924505443470007
21504006: Ward 6,23.11051014029
21504007: Ward 7,40.04221855148
21504008: Ward 8,43.544074268310005
21504009: Ward 9,38.13250071648
21504010: Ward 10,37.97837099399
21504011: Ward 11,39.89624935002
21504012: Ward 12,38.58263096708
21504013: Ward 13,40.21014556092
21504014: Ward 14,39.077137811270006
21504015: Ward 15,36.432522153959994
21504016: Ward 16,41.713238854669996
21504017: Ward 17,45.30007904674
21504018: Ward 18,47.010080981559994
21504019: Ward 19,40.065734961340006
21504020: Ward 20,42.36120645113
21505001: Ward 1,37.944756076510004
21505002: Ward 2,41.233929073949994
21505003: Ward 3,39.9256658272
21505004: Ward 4,38.67878917923
21505005: Ward 5,46.89095946273
21505006: Ward 6,40.42198067989
21505007: Ward 7,35.60335335626
21505008: Ward 8,38.137797228960004
21505009: Ward 9,34.29194540108001
21505010: Ward 10,38.081142933870005
21505011: Ward 11,35.9924600122
21505012: Ward 12,35.22780967976
21505013: Ward 13,38.500376341140004
21505014: Ward 14,40.52613505578001
21505015: Ward 15,39.48697222617
21505016: Ward 16,41.941855198670005
21505017: Ward 17,38.52347586768
21505018: Ward 18,41.56009796839
21505019: Ward 19,39.97029012736
21505020: Ward 20,44.49074497859
21505021: Ward 21,37.013203289669995
21505022: Ward 22,47.174804606740004
21505023: Ward 23,46.57777773922
21505024: Ward 24,41.488352328729995
21505025: Ward 25,39.96463495543999
21505026: Ward 26,47.121385118300005
21505027: Ward 27,47.59283662791999
21505028: Ward 28,45.481399280800005
21505029: Ward 29,39.804748634960006
21505030: Ward 30,41.63683109553
21505031: Ward 31,41.020006153450005
21506001: Ward 1,40.00190805125
21506002: Ward 2,30.564499587985004
21506003: Ward 3,39.97584191015
21506004: Ward 4,36.58198350529001
21506005: Ward 5,36.07480245407999
21506006: Ward 6,33.68206413944
21506007: Ward 7,40.27412540291
21506008: Ward 8,40.8968536453
21506009: Ward 9,39.77228585323
21506010: Ward 10,44.586319423320006
21506011: Ward 11,40.18270498717
21506012: Ward 12,35.81762847248999
21506013: Ward 13,39.456744702680005
21506014: Ward 14,32.56465310725
21506015: Ward 15,32.45582967563
21506016: Ward 16,38.75930425571
21506017: Ward 17,38.230895026320006
21506018: Ward 18,34.79225915848001
21506019: Ward 19,38.85589761867
21506020: Ward 20,35.95454518506
21506021: Ward 21,35.84933252944
21506022: Ward 22,36.17547946957001
21506023: Ward 23,37.59379300729
21506024: Ward 24,42.65374890327
21506025: Ward 25,41.80646440636
21506026: Ward 26,33.420079354790005
21507001: Ward 1,24.772816953430002
21507002: Ward 2,30.80306060134
21507003: Ward 3,29.330771409080008
21507004: Ward 4,26.0359376451
21507005: Ward 5,8.532452609509999
21507006: Ward 6,12.748573367830002
21507007: Ward 7,22.676916960590003
21507008: Ward 8,13.075158351839999
21507009: Ward 9,23.740193689509997
21507010: Ward 10,31.814538587069997
21507011: Ward 11,36.54164155088
21507012: Ward 12,33.816923658915
21507013: Ward 13,25.602240556659996
21507014: Ward 14,31.914053185985004
21507015: Ward 15,36.914496449450006
21507016: Ward 16,39.017560876610005
21507017: Ward 17,41.343447577979994
21507018: Ward 18,38.77020298981
21507019: Ward 19,36.98898512921001
21507020: Ward 20,40.423757028009994
21507021: Ward 21,39.234035043620004
21507022: Ward 22,41.04769725019
21507023: Ward 23,40.002233795100004
21507024: Ward 24,42.02476877413
21507025: Ward 25,47.34577216633999
21507026: Ward 26,41.43854749348999
21507027: Ward 27,46.10865514355999
21507028: Ward 28,38.34902053775001
21507029: Ward 29,36.34312813528001
21507030: Ward 30,31.929887100309998
21507031: Ward 31,40.37670609025
21507032: Ward 32,38.35719866755001
21507033: Ward 33,31.359035516609993
21507034: Ward 34,41.84825102855
21507035: Ward 35,39.5804017449
24401001: Ward 1,29.826764838410003
24401002: Ward 2,40.048253437919996
24401003: Ward 3,35.50485868586
24401004: Ward 4,37.365002324260004
24401005: Ward 5,37.07462820624
24401006: Ward 6,37.44702844753
24401007: Ward 7,38.37190527384001
24401008: Ward 8,39.061183039860005
24401009: Ward 9,39.444034645840006
24401010: Ward 10,38.301136698019995
24401011: Ward 11,39.34094573218
24401012: Ward 12,39.31704735814001
24401013: Ward 13,36.047457679649995
24401014: Ward 14,35.27236016373
24401015: Ward 15,42.35969422243
24401016: Ward 16,38.96791339119999
24401017: Ward 17,40.11541486012
24401018: Ward 18,35.83675493292
24401019: Ward 19,14.72355689725
24401020: Ward 20,30.323502468510004
24401021: Ward 21,32.59422597393001
24401022: Ward 22,35.16342407814
24401023: Ward 23,39.06459011791
24401024: Ward 24,39.832251440099995
24401025: Ward 25,37.994603133110004
24401026: Ward 26,23.016410693420003
24402001: Ward 1,39.045016116570004
24402002: Ward 2,42.464941360580006
24402003: Ward 3,42.98364567833001
24402004: Ward 4,39.56386565732
24402005: Ward 5,39.434490116750005
24402006: Ward 6,37.4838155185
24402007: Ward 7,24.8505122152
24402008: Ward 8,37.48291580730001
24402009: Ward 9,36.70614909911
24402010: Ward 10,45.42072193929
24402011: Ward 11,40.4042559012
24402012: Ward 12,37.14766342874999
24402013: Ward 13,38.01032192827
24402014: Ward 14,46.19532080587
24402015: Ward 15,37.23919380604001
24402016: Ward 16,32.670259351940004
24402017: Ward 17,32.553198193499995
24402018: Ward 18,25.675997443099998
24402019: Ward 19,38.20983399922
24402020: Ward 20,38.90067436145
24402021: Ward 21,40.34318406321001
24402022: Ward 22,33.57790619258
24402023: Ward 23,38.03559478579
24402024: Ward 24,44.531334479390004
24402025: Ward 25,37.515409152109996
24402026: Ward 26,40.302392994950004
24402027: Ward 27,31.639714071600004
24403001: Ward 1,32.45118001539
24403002: Ward 2,41.65763904799
24403003: Ward 3,43.266395442880004
24403004: Ward 4,39.66345351041001
24403005: Ward 5,41.54719696002
24403006: Ward 6,42.03280005589001
24403007: Ward 7,39.189272067270004
24403008: Ward 8,43.215522484610005
24403009: Ward 9,39.38245850308999
24403010: Ward 10,45.69162992953
24403011: Ward 11,46.03419370502999
24403012: Ward 12,48.30585255588
24403013: Ward 13,37.042738077870005
24403014: Ward 14,43.601059045990006
24403015: Ward 15,40.077497098420004
24403016: Ward 16,47.42007262335
24403017: Ward 17,40.37071720944
24403018: Ward 18,38.3001304364
24403019: Ward 19,43.21400216802
24403020: Ward 20,41.51124609503
24403021: Ward 21,41.92579966517
24403022: Ward 22,42.56164318692
24403023: Ward 23,35.626772336950005
24403024: Ward 24,26.269983178309996
24403025: Ward 25,42.66743157353
24403026: Ward 26,40.52274689243
24403027: Ward 27,43.93010703691
24403028: Ward 28,46.38229621162999
24403029: Ward 29,38.910318383100005
24403030: Ward 30,42.33195368038
24403031: Ward 31,40.36993457746001
24404001: Ward 1,38.35000825856
24404002: Ward 2,46.78372631721
24404003: Ward 3,46.3702792902
24404004: Ward 4,42.5088436984
24404005: Ward 5,48.379355619840005
24404006: Ward 6,43.16074420447001
24404007: Ward 7,41.55704924636
24404008: Ward 8,43.720517128350004
24404009: Ward 9,35.079956750579996
24404010: Ward 10,38.96953807681
24404011: Ward 11,39.141284223350006
24404012: Ward 12,41.317676445660005
24404013: Ward 13,39.91082248719
24404014: Ward 14,39.34336107546
24404015: Ward 15,46.28997225405999
24404016: Ward 16,40.12309705035
24404017: Ward 17,46.38958431655
29200001: Ward 1,21.974294297689998
29200002: Ward 2,19.108058737025
29200003: Ward 3,15.794820142469996
29200004: Ward 4,4.3680790179799995
29200005: Ward 5,30.22556340712
29200006: Ward 6,23.4603536171
29200007: Ward 7,31.738153408289996
29200008: Ward 8,26.451314902269996
29200009: Ward 9,15.333853129229999
29200010: Ward 10,19.425482150100002
29200011: Ward 11,26.86012390697
29200012: Ward 12,24.53007287552
29200013: Ward 13,25.657577415909998
29200014: Ward 14,23.384438545740004
29200015: Ward 15,13.888654132009998
29200016: Ward 16,13.2259160588
29200017: Ward 17,28.637718345249993
29200018: Ward 18,7.681973692549998
29200019: Ward 19,16.2354385232
29200020: Ward 20,23.88161002477
29200021: Ward 21,21.07859065692
29200022: Ward 22,23.373125095869998
29200023: Ward 23,23.33122151196
29200024: Ward 24,27.8766749077
29200025: Ward 25,23.656499070099997
29200026: Ward 26,30.05559728239
29200027: Ward 27,7.750236546919998
29200028: Ward 28,13.02511866742
29200029: Ward 29,18.178284121759997
29200030: Ward 30,26.494596112930004
29200031: Ward 31,16.97316956369
29200032: Ward 32,35.15204736063
29200033: Ward 33,30.226324634949997
29200034: Ward 34,30.20809716394
29200035: Ward 35,15.048449778219998
29200036: Ward 36,29.196355385660002
29200037: Ward 37,15.821423136289999
29200038: Ward 38,28.906014695070002
29200039: Ward 39,19.768579920729998
29200040: Ward 40,28.811467129199997
29200041: Ward 41,23.851286048120002
29200042: Ward 42,23.04255980818
29200043: Ward 43,18.66551230317
29200044: Ward 44,19.09061920659
29200045: Ward 45,23.30996100253
29200046: Ward 46,14.80927428304
29200047: Ward 47,16.09123820995
29200048: Ward 48,25.51430531704
29200049: Ward 49,39.0392346218
29200050: Ward 50,24.607184896270006
29300001: Ward 1,7.527459841169998
29300002: Ward 2,10.48721799048
29300003: Ward 3,8.0820829652
29300004: Ward 4,20.25087983833
29300005: Ward 5,15.187589016980002
29300006: Ward 6,5.61437752838
29300007: Ward 7,10.25681489524
29300008: Ward 8,6.34737135007
29300009: Ward 9,6.192987495020001
29300010: Ward 10,14.68066489455
29300011: Ward 11,14.33941787485
29300012: Ward 12,8.055130704980002
29300013: Ward 13,24.157809768139998
29300014: Ward 14,21.03608861953
29300015: Ward 15,25.137212477509998
29300016: Ward 16,23.48268569291
29300017: Ward 17,24.92363283433
29300018: Ward 18,24.553195776269998
29300019: Ward 19,31.4913140359
29300020: Ward 20,24.7400890092
29300021: Ward 21,25.28821236657
29300022: Ward 22,25.21410807746
29300023: Ward 23,20.725332603180004
29300024: Ward 24,23.81050234837
29300025: Ward 25,18.98970550162
29300026: Ward 26,23.130962141430004
29300027: Ward 27,25.119720684660003
29300028: Ward 28,20.077944564219997
29300029: Ward 29,15.184538151009999
29300030: Ward 30,17.97905154139
29300031: Ward 31,17.114292238709996
29300032: Ward 32,17.91264755932
29300033: Ward 33,22.291230049550002
29300034: Ward 34,17.608836416400003
29300035: Ward 35,16.10823710314
29300036: Ward 36,18.49843767176
29300037: Ward 37,21.02093597208
29300038: Ward 38,20.62082066003
29300039: Ward 39,6.590088408200001
29300040: Ward 40,15.079719713539996
29300041: Ward 41,21.24674726008
29300042: Ward 42,26.61834361557
29300043: Ward 43,23.59482498661
29300044: Ward 44,22.976231889460003
29300045: Ward 45,20.92515324064
29300046: Ward 46,20.076671235949995
29300047: Ward 47,24.334146795629998
29300048: Ward 48,17.0541491465
29300049: Ward 49,14.147589758249998
29300050: Ward 50,21.840816876959998
29300051: Ward 51,8.060234418490001
29300052: Ward 52,15.300841633709998
29300053: Ward 53,16.47186878343
29300054: Ward 54,27.740080589480005
29300055: Ward 55,23.630864532509996
29300056: Ward 56,23.520381693760005
29300057: Ward 57,23.34527971702
29300058: Ward 58,20.80493605337
29300059: Ward 59,15.44558907292
29300060: Ward 60,18.97689503241
10101001: Ward 1,15.454201628800002
10101002: Ward 2,16.172019454329998
10101003: Ward 3,17.550161804600002
10101004: Ward 4,16.44808615824
10101005: Ward 5,12.964083466439998
10101006: Ward 6,17.215483487580002
10101007: Ward 7,12.42316384245
10101008: Ward 8,12.790663457860001
10102001: Ward 1,16.75248024994
10102002: Ward 2,13.766143411579998
10102003: Ward 3,17.90082858539
10102004: Ward 4,13.456555998639999
10102005: Ward 5,14.238360502910002
10102006: Ward 6,25.98942209264
10103001: Ward 1,13.971349719500001
10103002: Ward 2,17.94832878254
10103003: Ward 3,12.29081771652
10103004: Ward 4,17.27385651645
10103005: Ward 5,13.556985017099999
10103006: Ward 6,10.79845832679
10103007: Ward 7,12.72070563081
10104001: Ward 1,14.359211013769999
10104002: Ward 2,17.486693399529997
10104003: Ward 3,12.775359126179998
10104004: Ward 4,18.552289790790002
10104005: Ward 5,6.038659969079999
10104006: Ward 6,6.7491978507
10104007: Ward 7,16.423207725719998
10104008: Ward 8,6.321331096010001
10104009: Ward 9,14.66401466504
10104010: Ward 10,10.878950301809997
10104011: Ward 11,10.871958489319999
10104012: Ward 12,16.94895344027
10104013: Ward 13,11.803589790199998
10105001: Ward 1,14.46771700631
10105002: Ward 2,12.10015011111
10105003: Ward 3,13.684566513339998
10105004: Ward 4,15.09674238703
10105005: Ward 5,11.48533852803
10105006: Ward 6,16.19821271769
10105007: Ward 7,16.236805344029996
10105008: Ward 8,10.96727769795
10105009: Ward 9,18.31175721078
10105010: Ward 10,8.23387196913
10105011: Ward 11,16.710898375990002
10105012: Ward 12,15.657628899469998
10202001: Ward 1,23.472365789589997
10202002: Ward 2,15.26762199065
10202003: Ward 3,13.138743169689999
10202004: Ward 4,14.90613184023
10202005: Ward 5,16.05703313191
10202006: Ward 6,16.407590113860003
10202007: Ward 7,16.49650649938
10202008: Ward 8,10.125945259240002
10202009: Ward 9,9.184905165310001
10202010: Ward 10,15.95411332851
10202011: Ward 11,14.17367275773
10202012: Ward 12,11.73857922849
10203001: Ward 1,16.03582834959
10203002: Ward 2,6.40223853823
10203003: Ward 3,11.94838196486
10203004: Ward 4,8.06820639863
10203005: Ward 5,19.710043000760002
10203006: Ward 6,20.75733948336
10203007: Ward 7,15.056493994439998
10203008: Ward 8,21.401889508290004
10203009: Ward 9,17.33821743925
10203010: Ward 10,16.136911599370002
10203011: Ward 11,17.87698713614
10203012: Ward 12,18.583621582079996
10203013: Ward 13,17.277979022700002
10203014: Ward 14,17.2244395155
10203015: Ward 15,6.33773930873
10203016: Ward 16,23.178968682969998
10203017: Ward 17,9.08233656895
10203018: Ward 18,15.761245741519996
10203019: Ward 19,11.614365795400001
10203020: Ward 20,16.10636412244
10203021: Ward 21,19.40381720937
10203022: Ward 22,8.853367787229999
10203023: Ward 23,8.94164389341
10203024: Ward 24,24.022141193230002
10203025: Ward 25,16.31783979745
10203026: Ward 26,16.40630688705
10203027: Ward 27,19.0716564715
10203028: Ward 28,11.66648541867
10203029: Ward 29,14.064658314069998
10203030: Ward 30,18.0555192441
10203031: Ward 31,15.962119330849998
10204001: Ward 1,15.41991357467
10204002: Ward 2,14.497354316340003
10204003: Ward 3,15.16478681448
10204004: Ward 4,15.679980715829998
10204005: Ward 5,15.652682326539999
10204006: Ward 6,16.058349870049998
10204007: Ward 7,24.07508961716
10204008: Ward 8,9.636618784280001
10204009: Ward 9,8.665107294559999
10204010: Ward 10,23.696143156149997
10204011: Ward 11,13.060953876940001
10204012: Ward 12,23.19404289724
10204013: Ward 13,18.82878519359
10204014: Ward 14,23.260422309719996
10204015: Ward 15,23.5713059045
10204016: Ward 16,18.222611507819998
10204017: Ward 17,8.10932982842
10204018: Ward 18,19.982070341049997
10204019: Ward 19,14.860287032310001
10204020: Ward 20,12.813227209499999
10204021: Ward 21,8.21926746044
10204022: Ward 22,6.43329815012
10205001: Ward 1,17.4993075744
10205002: Ward 2,18.05886659332
10205003: Ward 3,17.477465326649998
10205004: Ward 4,17.168683040639998
10205005: Ward 5,16.681004303819996
10205006: Ward 6,9.21458629604
10205007: Ward 7,11.614365795400001
10205008: Ward 8,18.71210798572
10205009: Ward 9,13.60889320558
10205010: Ward 10,18.8721640114
10205011: Ward 11,13.590769075149998
10205012: Ward 12,12.43867660198
10205013: Ward 13,15.150955410239998
10205014: Ward 14,15.700977989940004
10205015: Ward 15,8.90473019167
10205016: Ward 16,22.415669550949996
10205017: Ward 17,35.012100920029994
10205018: Ward 18,20.19354245806
10205019: Ward 19,19.00390248761
10205020: Ward 20,17.2422388882
10205021: Ward 21,17.897070992720003
10206001: Ward 1,15.62672642149
10206002: Ward 2,16.191037566149998
10206003: Ward 3,16.38001719596
10206004: Ward 4,25.72637175821
10206005: Ward 5,17.046240851560004
10206006: Ward 6,13.44287539741
10206007: Ward 7,12.60483366269
10206008: Ward 8,17.24220376986
10206009: Ward 9,16.50521796879
10206010: Ward 10,28.494804874879996
10206011: Ward 11,16.241951491290003
10206012: Ward 12,16.33578624447
10304001: Ward 1,12.15398327155
10304002: Ward 2,13.774715943299999
10304003: Ward 3,15.974647132270002
10304004: Ward 4,11.734451517070001
10304005: Ward 5,16.56506881892
10301001: Ward 1,13.63430792152
10301002: Ward 2,17.17325295903
10301003: Ward 3,14.993124229859998
10301004: Ward 4,11.55271980098
10301005: Ward 5,14.456140972879997
10301006: Ward 6,15.526728501370002
10301007: Ward 7,13.020859918049998
10301008: Ward 8,12.79038883546
10301009: Ward 9,16.494121649369998
10301010: Ward 10,13.2499857572
10301011: Ward 11,11.921562878010002
10301012: Ward 12,18.06746232652
10301013: Ward 13,15.281742316259999
10302001: Ward 1,16.947779679720004
10302002: Ward 2,11.691745459729999
10302003: Ward 3,7.567125816560001
10302004: Ward 4,11.432598572649999
10302005: Ward 5,18.348048285889995
10302006: Ward 6,19.03914026801
10302007: Ward 7,8.521341639380001
10302008: Ward 8,14.09592278936
10302009: Ward 9,10.90893603883
10302010: Ward 10,12.220770126899998
10302011: Ward 11,13.865894794479999
10302012: Ward 12,15.8317839486
10302013: Ward 13,7.567125816560001
10303001: Ward 1,13.309448650250001
10303002: Ward 2,14.442472965830001
10303003: Ward 3,15.791891935250002
10303004: Ward 4,8.854080999519999
10303005: Ward 5,10.049767788210001
10401001: Ward 1,11.958018454770002
10401002: Ward 2,18.161625461619998
10401003: Ward 3,20.296565065969997
10401004: Ward 4,11.930241208619998
10402001: Ward 1,10.08083882747
10402002: Ward 2,13.719300715809998
10402003: Ward 3,10.21632200309
10402004: Ward 4,15.393904566669999
10402005: Ward 5,12.459444525959999
10402006: Ward 6,16.12378823957
10402007: Ward 7,15.27730288009
10402008: Ward 8,18.01900299082
10403001: Ward 1,20.02192663875
10403002: Ward 2,21.357173243160002
10403003: Ward 3,21.168587998679996
10403004: Ward 4,10.460434026159998
10403005: Ward 5,11.231987665350001
10403006: Ward 6,6.98465462285
10403007: Ward 7,10.567510528909999
10403008: Ward 8,7.1437814478099995
10403009: Ward 9,15.37181116831
10403010: Ward 10,7.457055705019999
10403011: Ward 11,9.917469991689998
10403012: Ward 12,15.431049988469999
10403013: Ward 13,15.57673207579
10403014: Ward 14,17.399905803350002
10404001: Ward 1,12.532521691830002
10404002: Ward 2,7.0068862220699994
10404003: Ward 3,4.87721853724
10404004: Ward 4,10.816780216
10404005: Ward 5,8.792646282309999
10404006: Ward 6,17.81037834882
10404007: Ward 7,16.40583194539
10404008: Ward 8,16.96021952376
10404009: Ward 9,21.41008229471
10404010: Ward 10,23.206675674939994
10404011: Ward 11,15.989981387220002
10404012: Ward 12,19.41791099251
10404013: Ward 13,17.12017827138
10404014: Ward 14,16.462547100659997
10404015: Ward 15,20.78920614989
10404016: Ward 16,14.331656684059999
10404017: Ward 17,17.43813168066
10404018: Ward 18,5.40547723734
10404019: Ward 19,8.67723002866
10404020: Ward 20,18.48444267145
10404021: Ward 21,21.134419323150002
10404022: Ward 22,11.62620627698
10404023: Ward 23,12.81880263413
10404024: Ward 24,18.907598962999998
10404025: Ward 25,17.5815122858
10405001: Ward 1,12.08524133386
10405002: Ward 2,10.04947211144
10405003: Ward 3,11.682679761629998
10405004: Ward 4,17.826312994370006
10405005: Ward 5,25.48631293357
10405006: Ward 6,16.63206416083
10405007: Ward 7,12.88891703356
10405008: Ward 8,22.00693482975
10405009: Ward 9,23.872458706739994
10405010: Ward 10,22.346634751830003
10405011: Ward 11,17.44448875524
10405012: Ward 12,16.78691503509
10405013: Ward 13,17.55069228008
10407001: Ward 1,14.271799772039998
10407002: Ward 2,8.873683292299999
10407003: Ward 3,13.209026312539999
10407004: Ward 4,18.330698216229997
10407005: Ward 5,19.47070244058
10407006: Ward 6,20.62912977552
10407007: Ward 7,14.439105315099999
10408001: Ward 1,16.328968212119996
10408002: Ward 2,10.668019648720001
10408003: Ward 3,21.66833354243
10408004: Ward 4,17.618078713600003
10408005: Ward 5,12.452795737939999
10408006: Ward 6,18.78206871558
10408007: Ward 7,23.60775249371
10408008: Ward 8,17.30959469822
10408009: Ward 9,10.937345129899999
10408010: Ward 10,12.09580862786
10501001: Ward 1,16.299914745360002
10501002: Ward 2,14.472121905449999
10501003: Ward 3,12.46784727349
10501004: Ward 4,14.907785232390001
10502001: Ward 1,17.23169085347
10502002: Ward 2,11.29945844068
10502003: Ward 3,22.719810380810003
10502004: Ward 4,17.82577015212
10503001: Ward 1,24.63622427856
10503002: Ward 2,11.5293648928
10503003: Ward 3,17.626505423589997
10503004: Ward 4,14.38409339753
10503005: Ward 5,20.393555326139996
10503006: Ward 6,26.487506438060002
10503007: Ward 7,17.59577122059
19100001: Ward 1,5.58777952733
19100002: Ward 2,9.55093103598
19100003: Ward 3,7.613552817160001
19100004: Ward 4,10.315382310740002
19100005: Ward 5,6.83101700853
19100006: Ward 6,16.808361162009998
19100007: Ward 7,16.198096702909996
19100008: Ward 8,9.255105355480001
19100009: Ward 9,14.250026863829998
19100010: Ward 10,15.165976279369996
19100011: Ward 11,15.05903951078
19100012: Ward 12,13.09268939877
19100013: Ward 13,17.23953111129
19100014: Ward 14,16.205246367079997
19100015: Ward 15,5.547919789450001
19100016: Ward 16,16.73811872897
19100017: Ward 17,13.86029246516
19100018: Ward 18,21.505002323959996
19100019: Ward 19,15.582934381209999
19100020: Ward 20,17.62844282833
19100021: Ward 21,5.43246518646
19100022: Ward 22,15.593542732970002
19100023: Ward 23,6.07196892369
19100024: Ward 24,20.98268554487
19100025: Ward 25,16.163006254239995
19100026: Ward 26,16.338124243990002
19100027: Ward 27,9.21020898262
19100028: Ward 28,17.502499942489997
19100029: Ward 29,16.225367113279997
19100030: Ward 30,16.847201172880002
19100031: Ward 31,15.934953040549996
19100032: Ward 32,19.21796256113
19100033: Ward 33,22.68623831416
19100034: Ward 34,22.393117356870004
19100035: Ward 35,21.03071061951
19100036: Ward 36,22.631464059819997
19100037: Ward 37,23.332525945869996
19100038: Ward 38,19.58633789655
19100039: Ward 39,21.81913340607
19100040: Ward 40,20.69808639077
19100041: Ward 41,20.23535886769
19100042: Ward 42,24.572120990159995
19100043: Ward 43,11.469960595219998
19100044: Ward 44,20.3980488288
19100045: Ward 45,19.663027261419998
19100046: Ward 46,14.518276735499999
19100047: Ward 47,22.1415187358
19100048: Ward 48,9.56548532451
19100049: Ward 49,14.87794442757
19100050: Ward 50,17.9751063395
19100051: Ward 51,21.222791114710002
19100052: Ward 52,25.929789724099997
19100053: Ward 53,9.012152839909998
19100054: Ward 54,9.86215403771
19100055: Ward 55,11.15546809603
19100056: Ward 56,15.089339924199999
19100057: Ward 57,10.080122907869999
19100058: Ward 58,7.46023997989
19100059: Ward 59,9.19384337466
19100060: Ward 60,8.396037694339999
19100061: Ward 61,11.06090068572
19100062: Ward 62,7.63724163241
19100063: Ward 63,9.567834320679998
19100064: Ward 64,9.59390736565
19100065: Ward 65,15.186406620709999
19100066: Ward 66,14.21182309889
19100067: Ward 67,17.3907353303
19100068: Ward 68,16.803095552349998
19100069: Ward 69,15.493326369950003
19100070: Ward 70,5.56264124148
19100071: Ward 71,8.48710388376
19100072: Ward 72,11.42419519031
19100073: Ward 73,7.9387590911100006
19100074: Ward 74,10.654983942029999
19100075: Ward 75,14.371585274960001
19100076: Ward 76,15.966030723470002
19100077: Ward 77,9.0070527803
19100078: Ward 78,14.578071185459999
19100079: Ward 79,16.612779357629996
19100080: Ward 80,23.252062764899996
19100081: Ward 81,15.350789227379996
19100082: Ward 82,21.04031095817
19100083: Ward 83,11.299922520309998
19100084: Ward 84,7.335841815749999
19100085: Ward 85,17.30415405307
19100086: Ward 86,16.864021211249998
19100087: Ward 87,29.052754069629998
19100088: Ward 88,15.374384695500003
19100089: Ward 89,21.08666807395
19100090: Ward 90,22.11377676852
19100091: Ward 91,30.69156035739
19100092: Ward 92,18.994384093230003
19100093: Ward 93,31.93199879008
19100094: Ward 94,19.21113263975
19100095: Ward 95,24.531081638859998
19100096: Ward 96,21.18296973142
19100097: Ward 97,23.407703788880003
19100098: Ward 98,25.22281521685
19100099: Ward 99,16.718450041159997
19100100: Ward 100,13.613282217919998
19100101: Ward 101,20.884015601490002
19100102: Ward 102,6.746643977700001
19100103: Ward 103,5.93927362341
19100104: Ward 104,13.193056379269999
19100105: Ward 105,12.894771671549998
19100106: Ward 106,20.28483895138
19100107: Ward 107,6.863319111690001
19100108: Ward 108,21.04344103948
19100109: Ward 109,17.605818163650003
19100110: Ward 110,11.733491984229996
19100111: Ward 111,19.010714659830004
